source_path,target_path,redirect_type,status
/docs/getting-started,/docs/welcome-to-wanaware,301,pending-launch
/docs/asset-discovery,/docs/find-filter-and-inspect-assets,301,pending-launch
/docs/asset-inventory,/docs/find-filter-and-inspect-assets,301,pending-launch
/docs/relationship-discovery-engine-rde,/docs/relationship-discovery-engine,301,pending-launch
/docs/knowledge-discovery-engine-kde,/docs/welcome-to-wanaware,302,pending-product-decision
/docs/connect-an-aws-account,/docs/aws,301,pending-launch
/docs/create-elements-and-collections,/docs/understand-structures-elements-and-collections,301,pending-launch
/docs/organize-your-environment,/docs/understand-structures-elements-and-collections,301,pending-launch
/docs/administration-and-access,/docs/administration-and-personal-settings,301,pending-launch
